file_name,caption_predicted
Santa Motor.wav,a machine is running stopping briefly and then starting again
Radio Garble.wav,a man is speaking over a radio while static interference is occurring
Radio Fuzz for Old Radio Broadcast FF233.wav,a machine is running continuously producing a constant sometimes uneven or distorted noise
toy rattle 2.wav,a person is opening and closing a bottle or jar lid multiple times repeatedly
Blade Big.wav,a metallic object is dropping onto a hard surface while a glass is dropping
young artists.wav,a crowd of men and women are talking in a crowded room
Various gasps.wav,a man is coughing groaning sneezing and intermittently catching breath
Bear Last Audio.wav,a man is snoring loudly coughing repeatedly groaning and opening his mouth
Sound of the wind comes from the tunnel 3.wav,the wind is blowing strongly and steadily outside while a machine is running
BottleDrinking02.wav,a person is opening a bottle or jar and pouring liquid into a container
Santas workshop.wav,a person is playing a xylophone or triangle while a bell rings and people are talking
rumple_paper.wav,a man is speaking while walking on dry leaves that are crunching and rustling under his feet
Ocean and Fog Horn.wav,a strong wind is blowing while a church bell is ringing waves are breaking and seagulls are calling in the background
winter-sticks-swish.wav,a person is walking steadily through a forest while wind blows
Power station interior ATM.wav,a machine is running continuously at a constant speed and volume
20130327_valparaiso.traffic.02.wav,a motorcycle is driving by while a man is talking to another man
greece_naxos_cicadas_3.wav,crickets are chirping loudly and continuously in a consistent rhythmic pattern
nuclear winter.wav,a synthesizer is playing a loud ambient melody reminiscent of a movie
nxSample012.wav,a radio is trying to tune into a station while producing static noise
match-close.wav,a person is opening and closing a package or container repeatedly
1990 repetition brass-band 01.wav,a band is playing a song while a person is playing a stringed instrument
heating_far away.wav,water is running and dripping from a faucet or tap into a sink or basin and then flowing down a drain
20061205.washing.machine.wash.wav,a machine is running continuously while a metal object is hitting or clanking against another surface
Erik Final.wav,a machine is running continuously then stopping briefly and restarting again
PageFlip5.wav,a person is repeatedly opening and closing a book while walking
20080504.horse.drawn.00.wav,a person is walking on a hard surface while a horse is trotting by
yorkminsterBaptistChurch StClair.wav,a small bell is ringing in the foreground while church bells are chiming loudly in the background
In the City.wav,a horse is trotting or galloping by while people are talking in the background
Crows.wav,a bird is cawing and squawking while other birds are chirping nearby
Busy Coffee Shop Counter Field Recording.wav,a crowd of people is talking in a crowded restaurant with background voices
20160506_sharpening.02.wav,a person is using a saw to cut through a piece of wood
Super Market.wav,a person is walking upstairs while a machine is running and opening a door
Atlantic Ocean Waves.wav,the wind is blowing strongly while waves are crashing against the shore
ambientphase.wav,a synthesizer is playing a repetitive song with varying pitches and increasing intensity
Birds_and_Water_Filling_Rain_Barrel.wav,water is running from a tap into a basin or tub while dripping and a machine is running in the background
Galaktisk time signal.wav,a musical tune is playing by an electric keyboard producing melodic sounds
bathroom fan.wav,a machine is running continuously maintaining loud noise and varying speed
Clatter.wav,a person is walking on and up wooden stairs while knocking on a door
vending machine action.wav,a person is opening and closing a door or locker repeatedly while sometimes walking around
Blackbird 252.wav,a bird is singing loudly while other birds are chirping in background
Butter knife being Tapped.wav,a person is chopping wood using a knife or metal tool while occasionally striking a wooden or glass object
Cafeteria Ambience.wav,people are talking in a restaurant while dishes are clanking and being stacked
Elizabeth Evans Park - Mount Dora - June.wav,a bird is chirping while a man and people are talking
Car Driving.wav,a machine is running while a car is driving by and then the machine turns off
OrchardBirds.wav,many different kinds of birds are chirping and singing loudly outside
"cleaning window, glass squeak.wav",a person is using a wooden or marker object to produce squeaking sounds
coffee.wav,a person is walking through a wooded area while leaves and twigs are crunching underfoot
container port 01.wav,a machine is running while a door is opening closing and people are talking in the background
cookieSheetWiping.wav,a person is walking on a wooden floor or stairs and opening and closing a door
fs_brokenMixer302-2.wav,a machine is running continuously then stopping and restarting repeatedly
Creacking Oak 6bft  SHORT 130418_00.wav,the wind is blowing strongly while heavy rain is pouring down
winding finished rope.wav,a person is walking up to a door or gate opening and closing it while occasional coughing groaning and talking occur in the background
CreakingNoise.wav,a person is using a drill to make holes and squeaky noises on various surfaces
Crowd on Stairs.wav,a person is walking up wooden stairs while a door is opening and closing
water_boil_pour_stir-96.wav,a glass is being dropped on a table while a spoon is tapping or being placed on another glass
MISC_Int_Cat_Purring_002.wav,a cat is meowing purring and snoring loudly and continuously
Dog escapes from the room.wav,a person is opening and closing a door repeatedly multiple times
doing-the-dishes.wav,a person is walking around a kitchen opening and closing containers moving glasses and bottles and pouring or emptying liquids
Remix of 101674__Robinhood76__01906_aluminium_foil_&#39;space-alien radio-static remix&#39;.wav,a machine is running steadily producing loud highpitched noise then slowing down and stopping
Glass moving 2.wav,a person is walking through and dropping various metallic objects repeatedly
Sink Drain.wav,a person is opening and closing a container lid repeatedly
md1trk11.wav,a machine is running while a metal object is being dragged across a hard surface
PS3F_FOZ_centro_Mufato_fita_embalagem_tarde.wav,people are talking and moving while a machine is running noisily
fallingbeans.wav,a person is using a drill to drill holes into a metal or concrete surface
FAN STOP.wav,a machine is running stopping briefly and then starting again
Fast Motor Running.wav,a machine is running and a saw is cutting through a thin sheet
recycling center 1.wav,a machine is running while people are talking and speaking in background
Howler monkey and other monkey or bird.wav,a bird is loudly calling and singing while other birds are chirping
Stairwell with echo Front.wav,a person is walking up and down a flight of stairs repeatedly
harmonics.wav,a person is playing a violin loudly producing beautiful musical harmony
"Weight machine, gas resistance.wav",a person is using a drill to create holes in various surfaces while producing loud repetitive and sometimes squeaky sounds
T156 Activity 2.2.wav,rain is falling heavily and steadily hitting a hard surface and roof
industrial_crash02.wav,a very strong wind is blowing steadily and loudly at a constant rate
Urban Fountain (San Francisco).wav,heavy rain is pouring steadily and hitting a hard surface outside
"MEN RUNNING, FOREST, BREATHING (1).wav",a person is walking through the woods and crunching leaves underfoot
New Lift.wav,a person is opening and closing a door repeatedly with pauses
nnus_forklift_driveby.wav,a machine is running continuously while a vehicle is passing by
Plastic Ruler hit.wav,a person is hammering a metal or wooden object against a hard surface
fdv_orage.wav,rain is pouring down while thunder is rumbling and crashing in background
01 A pug struggles to breathe 1_14_2008.wav,a cat is sleeping and snoring loudly and continuously at a steady rate
01 hospital elevator with computer voice.wav,a person is speaking while a machine is beeping whirring and a phone is ringing in the background
Sunny Afternoon Suburb Ambiance .wav,a large vehicle is driving by while a smaller vehicle is driving past and then speeding up
01862 heavy machine working.wav,a large engine is running changing speed idling and making loud noises
0211_170236 walk downstairs.wav,a person is walking up wooden stairs and then walking down a hallway
underWater001.wav,a person is pouring water into a container while blowing bubbles and splashing in the liquid
cat_purr_1.wav,a cat is meowing repeatedly and loudly at a consistent moderate rate
shopping-cart-rattle.wav,a machine is running while a dog barks a bird chirps and background noises occur
STE-034 vatican steps.wav,people are talking and walking in a noisy street while a man passes by
043015 Splashing water in bathtub.wav,a person is splashing water in a tub and then splashing around
20110206_bright.winter.morning.wav,many birds are chirping and singing while the wind is blowing
070821_flsp_bog01.wav,a cricket is chirping while several birds are singing and calling
Kauai Sunrise.wav,a variety of birds are chirping and singing in a forest
stclaude.wav,a church bell is ringing repeatedly while a door is opening and closing
The Desert Dome (Entrance).wav,a bird is chirping while people are talking and walking in background
WasherSpinCycleWindUp.wav,a machine is running continuously at a constant speed and volume
20110121_stream.MS.wav,water is flowing down a stream or fountain into a basin or drain
Freezing Rain.wav,a campfire is crackling and popping while water is flowing nearby
bowling_basin_2.wav,a person is walking on a hard surface while wind blows a vehicle drives by and metal objects clank or doors open and close
dragged-glass-object.wav,a person is using a pencil to write and scrape on paper
20070224.siren.wav,a police car is driving with a blaring siren while people are talking and a man and woman are speaking
Calm down-town morning 02 150722_0706.wav,a person is walking and talking while birds are chirping in the background
20070402.crowd.wav,a large crowd of people are talking to each other in a busy room
gully with flowing water.wav,a machine is running continuously at a constant speed volume and steady intensity
Thunder 03.wav,a bird is singing while the wind is blowing softly and steadily
20080416.buzz.stereo.wav,a bee is buzzing around while birds are chirping in background
CFX-20130331-UK-DorsetSeaCliff02.wav,a man is speaking while strong wind is blowing in background
20090105.slicing.wav,a person is using a metal or pencil object to scrape against a surface
20090407.cricket.real.close.wav,a cricket is continuously chirping loudly producing a persistent highpitched sound
20090712.engine.00.wav,a person is using a chainsaw to cut through a piece of wood
20090712.engine.01.wav,a person is using a chainsaw to cut through wood and tree branches
20091217.18.chains.wav,a person is walking and talking while a glass is breaking and metal objects are clanking on a hard surface
St Pauls Bells 1.wav,a church bell is ringing loudly while multiple bells and background noises occur
it_has_just_begun.wav,a man is speaking while fireworks are being lit and exploding
20100320.fountain.wav,water is flowing from a faucet into a basin or sink and then down a drain
20100410.almunecar.surf.wav,the wind is blowing strongly and steadily while waves are crashing against the shore
20100422.castril.playground.wav,children are playing yelling and talking while adults are talking nearby
20100804.idling.van.wav,a machine is running steadily while a vehicle engine is idling and then revving up
2013622thunder.wav,birds are chirping and singing while a gentle wind is blowing
451__mikejedw__bong2_variant#2.wav,a metal object is striking and hitting another metal or wooden surface
humidifier.wav,someone is pouring liquid into a glass already containing liquid and then transferring it to another container
a boy and 2 pigs.wav,a baby is crying and making noises while a man and woman are talking in the background
hiking 1.wav,a person is walking on gravel while footsteps are crunching continuously
"Parking Garage - Ambiance, Electrical Hum 1.wav",a machine is running at a constant speed and increasing volume
AbdnC_KingStPelican_120225.wav,a vehicle is driving by while a man is speaking and background noises occur
Reel-to-Reel Tape On Fast Forward.wav,a bell is ringing repeatedly with varying speed pitch and increasing loudness
Afternoon Suburb Calm.wav,crickets and birds are chirping while a vehicle is driving by
back yard ambience loop 11-06-14.wav,the wind is blowing while birds are chirping with occasional distant car sounds
ambienten.wav,a machine is running and producing a continuous low humming noise
ambulance and police edinburgh old city.wav,a police car is driving down the street while its siren is blaring loudly
cat hiss yowl.wav,a cat is meowing repeatedly and loudly at a consistent rate
Westland Petrels land in their colony at dawn.wav,a person is walking through the woods while wind is blowing softly
stone_well.wav,a cricket is chirping repeatedly while a metal object is struck and a machine is running in the background
Arch Leaf.wav,a person is walking through crunchy snow and leaves while footsteps are crunching
Armoury Site.wav,a vehicle is driving by while a motorcycle is idling and a man is speaking
STE-037 vatican coridor.wav,a man is walking through a hall or building while talking to one or more people
Atmosphere on road in London.wav,a car is driving by while a large truck is passing on a busy street
Thunder - Guangzhou - China - Quiet.wav,thunder is rumbling and roaring while rain is steadily falling during a thunderstorm
auto-rickshaw-trip.wav,a car engine is idling revving honking and then driving away
Prep Rally.wav,a crowd is chanting and singing while a band is playing music
Backhoe.wav,a machine is running stopping briefly and then starting again
bag flapping.wav,heavy rain is falling and pouring continuously on metal and plastic surfaces
Balloon Game at Arlington Heights Carnival.wav,a man is speaking while a crowd and children are talking and yelling
Bangkok City Distant.wav,a machine is running continuously while people are talking in background
Geyser ambience and turn off.wav,a machine is running steadily stopping briefly and then continuing again
Basic_Battle.wav,a person is playing a violin while another person is playing a piano producing a beautiful melody
Rain hitting window.wav,a machine is running continuously at a steady rate and constant volume
slam.wav,a person is repeatedly knocking on and opening and closing a door
Weinglaser.wav,a person is ringing a metal bell multiple times on a table
Tractor1 FF654.wav,a machine is running at a constant speed while a vehicle is passing by producing noisy and highpitched sounds with occasional whirring and faint background noises
robinet.wav,water is running from a faucet into a sink and then being turned off
Tube - 1 stop to brixton.wav,a train is coming down the tracks stopping at a station opening and closing doors while another train is passing by and whistling
Binding my thesis.wav,a machine is running while someone is opening and closing a door or drawer
FOREST_BIRDS_WOODPECKER.wav,a variety of birds are chirping and singing outdoors in nature
water splash and flounder about in a puddle.wav,a person is pouring water between containers causing splashes and opening a bottle
birds_stereo.wav,a variety of different birds are chirping and singing in trees
BlackCappedChickadee.wav,crickets are chirping loudly while other critters and animals are making background noises
Running Dirt Tennis Shoes.wav,a person is walking through snow and ice while footsteps are crunching on gravel
Idle and Rev - Engine.wav,a motorcycle engine is idling then revving up and accelerating away
Grand Union Canal Kensal Green.wav,various birds are chirping and singing while wind and other animal sounds occur
Le Verdon fountain.wav,heavy rain is pouring down while people are talking in background
Shaking Gate.wav,a person is striking a metal object against another metal surface repeatedly
breast-pump.wav,a person is using a drill to drill a hole in wood
BulletJuneEdited192012.wav,a motorcycle engine is idling revving and then accelerating away
driveaway.wav,a man is walking and talking while cars are starting driving by and idling nearby
Bus(Drive_Reverse)_1-2.wav,a truck is beeping while backing up then stopping and driving away
Hitting baseball w. wooden bat.wav,a person is repeatedly striking a glass or hollow surface with a stick or object
TowerofLondonBeefeater.wav,a man is speaking while a woman talks and birds are chirping
walking-wooden-bridge-fall-leafs-creek.wav,a person is walking on a wooden or hard surface moving along a porch or path with footsteps crunching under their shoes
Canada Geese Squawk on a Pond with a Fountain.wav,seagulls are squawking and calling while ducks and other birds are quacking and chirping
car dragging limb.wav,a machine is running at a constant speed while its engine noise gradually changes
Car Driving Interior.wav,the wind is blowing steadily while a vehicle or machine is running
Car Engine Idling.wav,a machine is running at a constant speed and then slowing down or stopping
dishes rattle.wav,a machine is running while a metal object is being repeatedly thrown or dropped onto a hard surface or into a container
CAR_WASH.wav,a machine is running at a constant rate while a fan is blowing in the background
Kowloon Park.wav,birds are chirping and singing while people are talking in the background
gasBubblesNoise.wav,a small stream of water is flowing steadily and dripping into a container or basin producing bubbling and pouring sounds with occasional background wind noise in a forest or wooded area
cars over bridge decking.wav,the wind is blowing while a car or cars are driving by
Wobbling of paper.wav,a person is walking around a room while repeatedly opening and closing a door
"Cash Machine, Indoors, Full Transaction.wav",a printer is printing pages then stopping turning off and restarting
sign hanging on wooden door.wav,a person is walking on a hard surface while opening closing and passing through doors inside a building
circadas-near-casino.wav,a machine is running continuously at a constant rate producing various noises
cats how.wav,a cat is meowing repeatedly at a consistent and regular rate
chainsaw vs chestnut tree.wav,a chainsaw is cutting through a piece or sheet of wood continuously
Changing Room.wav,a person is opening and closing a door or gate while a machine is running and water is dripping in the background
Walking shingle beach.wav,a person is walking through crunchy leaves and twigs crunching underfoot
Truck starts and stops_edit.wav,a person is turning on a fan and starting a machine which runs briefly before shutting off and then turning back on
Manipulated Sink Water Sound.wav,a person is using a powered cutting tool possibly a drill or saw to cut through a piece of wood while a machine produces a continuous buzzing sound
Creepy old elevator 2.wav,a door is opening and closing repeatedly while squeaking and thumping
Water_Lapping_River.wav,a person is swimming and splashing water in a pool or lake
Loading old cobbles.wav,a machine is running constantly and producing loud clanking and whirring noises
Marker on paper.wav,a person is using a pencil to write or draw on a paper surface
Cityscape 05 090617.wav,the wind is blowing steadily in the background while a machine or vehicle is producing continuous noise
Cityscape Compounded 01.wav,heavy rain is falling steadily and heavily on a hard surface while background machinery or shower sounds are running
CoffeeGrinder_111212.wav,a person is using a chainsaw to cut through wood and possibly metal
Metal handle on wooden box.wav,a person is using a metal tool to scrape and tap against surfaces
Drop Coin into Glass.wav,a person is dropping a glass jar or bottle repeatedly onto a table surface
Train coming in.wav,a train is moving along the tracks passing by a station and rumbling loudly
forklift1.wav,a person is speaking while a siren blares a car alarm beeps and a car horn honks in the background
Teig ausrollen.wav,a person is walking on a wooden floor while tapping and knocking on wooden surfaces
food_prep_1_cw.wav,a person is washing dishes with running water while walking and metal objects clank
Water in a canal.wav,a machine is running continuously while wind is blowing in background
cordsAndPaper.wav,a person is walking through crunchy leaves and twigs in the woods
Cornell Big Cheer.wav,a large crowd is chanting clapping and cheering possibly at a sporting event or music performance
TIKTOK_1.wav,a clock is ticking consistently while a pendulum is swinging and clinking
crackling-rain-fire.wav,a machine is running continuously while heavy rain is falling steadily outside
creaking dishwasher_2.wav,a person is dragging a large metal object repeatedly across a wooden surface
creeeeek-GAIN_01.wav,a door is creaking while it is opening and then closing
trenecito_maqueta.wav,a machine is running while a man is talking and occasionally coughing
squirrel upset.wav,a variety of different birds are chirping and singing together
crunchy_steps.wav,a person is walking through leaves twigs and debris crunching sounds occurring
descending noise sweep.wav,the wind is howling and whistling loudly while a large machine is running fast and then stopping
Thunder3.wav,a strong wind is blowing continuously and steadily in background
Deutz-Tractor-Engine-1972.wav,a large truck is idling revving its engine and then driving away
DIDGERIDOO 05.wav,a person is playing a violin rhythmically while singing with others
Diesel Engine Rattle.wav,a machine is running at a constant rate then stopping slowing and restarting while an engine idles in the background
LondonTraffic.wav,a large truck is driving by a busy street passing vehicles and then slowing down or stopping
"spring, road.wav",rain is pouring down on a hard surface while a person is walking and a vehicle is driving by
DlyFeedback.wav,a radio is producing a loud highpitched buzzing tone while being rapidly tuned
Door.wav,someone is opening and closing a door repeatedly multiple times
hort.wav,a person is walking on a hard surface while a metallic object is dropping nearby
train_passing_by_fresco.wav,a train is approaching blowing its horn and then passing by
ShowerAndSoap.wav,a shower is running while water is dripping from a faucet into a sink or basin
walking down hall MIT mike closer to feet.wav,footsteps are walking up and down a wooden staircase and floor
water puddle.wav,a person is walking and splashing in shallow water or a bathtub causing dripping and tapping sounds
Drumming on some trees.wav,a person is tapping a stick rhythmically against a wooden surface
Streatham Railway Station and on a Train.wav,a machine is running continuously while background noises including coughing vehicle movement people talking and occasional loud clanking occur
dutch_train_coming2.wav,a train is passing by a station while blowing its horn and braking
interference from wireless mouse on am radio.wav,a radio is playing static and trying to tune highfrequency stations
startupjetengine.wav,a machine is running producing loud highpitched sounds and changing speed
LightRaininPinesMarch302013.wav,a campfire is crackling and burning while rain is falling steadily
Evening Glade.wav,a bird is squawking and cawing loudly while other birds are chirping
Evening suburban ambience.wav,a bird is chirping while the wind is blowing and a car is driving by
fallingrice1.wav,a metallic object is being dropped and shaken onto a hard surface or container
Pebbles_Scrape_Drag_Foot.wav,a person is walking through crunchy snow using a stick and occasionally pausing
"Fast food soda with ice, sip slurp straw.wav",a person is opening and closing a bottle or jar of liquid then pouring or sipping from it
tram_prague_2stops_veryfewpeople_AMB_INT.wav,a man and a woman are talking while a train is passing by nearby
glass a.wav,a cat is continuously purring and making highpitched meowing noises
Field-Recording.LawnMower.4.wav,a machine is running continuously while humming then stopping and restarting
International Harvester Scout II.wav,a large machine or vehicle is running stopping and then starting again while making loud engine noises
Thunder burst with rain.wav,heavy rain is falling and thunder is clapping or rumbling in background
foil_expanding_multiple.wav,a person is opening and crinkling a plastic package containing nuts or bolts
FOLEY_Ext_Garbage_Hauling_001.wav,a large machine is running while metal objects are clanking and being thrown
small town.wav,a man is walking down a street while talking as a car drives by
Footsteps on Wet Pavement_1-2.wav,a person is walking through the woods while leaves are crunching underfoot
Footsteps outside - Including ambience.wav,a person is walking on a hard surface while birds are chirping
Footsteps Walking in Forest tractor in background-1.wav,a person is walking through the woods while crunching leaves and gravel
Park 3.wav,birds are chirping while a car is driving by with wind blowing
sw_SolitaryCricket_NR_01.wav,a cricket is chirping repeatedly increasing volume then pausing
fountain.wav,rain is falling heavily and steadily pouring down onto a hard surface
FREEZER_DOOR_OPEN_CLOSE.wav,a man is speaking while a door is opening and closing then another man is speaking
FrogsBlackHill.wav,a frog is croaking loudly while other frogs and crickets are chirping
Grinding sugar.wav,a metallic object is repeatedly being dropped and moved on a table
Gentle Rain on Concrete.wav,water is dripping steadily from a faucet into a container already holding liquid
Lisbon street_2.wav,a bird is chirping while a man is speaking a car is driving by and people are walking or talking nearby
RBH_Household_shower 03.wav,water is running from a faucet into a sink while a shower is running in the background
Grasshoppers_and_wind1.wav,a person is walking through a wooded area while wind blows and birds chirp
Grovers Love 100.wav,a person is playing a guitar and accompanying drum or keyboard sounds
wawawawawwawawawwaterrings.wav,a machine is running continuously and producing a highpitched vibrating noise
outdoors forest footsteps running jogging rustle.wav,a person is walking through crunchy snow and crunching leaves
Sunny afternoon at Wansford on the Nene Valley Railway.wav,a train is moving down the tracks and blowing its whistle loudly
junction_night_traffic.wav,a motorcycle is revving up and driving past a man while people are talking in the background
steam train 05.wav,a train is moving down railroad tracks blowing its horn squealing brakes and making loud clanging noises near a train station
Heat duct .wav,a machine is running continuously at a constant speed and volume and then is stopping
"windy winter day, wind in trees, from distance.wav",strong wind is blowing outside while heavy rain is pouring down
Various_Bells_160516_0222.wav,a person is ringing a small bell repeatedly by striking it with a metal object
Heavy Wind.wav,a strong wind is blowing steadily while a softer wind is blowing faintly in the background
hfbird6.wav,a bird is singing and chirping loudly in a highpitched pattern
Highway_in_the_distance.wav,the wind is blowing softly while a vehicle or plane is driving or flying by
Himalayan Gong.wav,a person is playing a xylophone producing a rhythmic melodic tune
wind in the grass small town.wav,a man is speaking while a bird is chirping continuously in background
Neighborhood  Bird Ambiance 3.wav,a variety of different bird species are chirping and singing outdoors
INT London Underground.wav,a train is passing by a station while a machine is whirring loudly
sharp smashing ice.wav,a person is walking on a hard surface while breaking glass and chopping wood
medical car horn EGYPT Alexandria.wav,a police car is driving by while blaring a siren and then passing away
Rolling Wind - looping.wav,the wind is blowing strongly and steadily sometimes increasing or decreasing in intensity
porto_morning_tropical_birds_market_20.wav,many different kinds of birds are chirping and singing continuously
Jesus! Hellbound I go but I&#39;m coming back!.wav,a man is chanting and then he is speaking or singing something
junk_box001.wav,metal objects and a glass are being dropped and clanking on a hard surface
taman negara squelches.wav,a person is walking through the woods while birds are chirping
quacking-squirt-bottle.wav,a person is opening and manipulating a box or bag containing nuts bolts or packaging materials while producing crinkling and crunching sounds
kikkers.wav,crickets are chirping loudly while frogs croak and other animals make noises
Kings Cross street sounds.wav,a large truck and several vehicles are driving by and passing on a busy street
knock on wood.wav,a person is knocking repeatedly on a wooden door to get a response
Wood Jostling.wav,a person is moving shaking opening and dropping a glass jar or bottle onto a table
Papyrusatmo.wav,crickets are chirping in the foreground while other insects and birds are making background sounds
sink with lov pressure.wav,water is pouring into a container and then being poured into a cup
light rain 1.wav,heavy rain is pouring down on surfaces while thunder is rumbling in the background
WOOD CHOPPING_ Chopping hard wood with metal Axe (SFX).wav,a person is chopping wood with a stick while another person is chopping wood in the background
street 2.wav,a man is walking down a wet street while vehicles including cars and possibly a bus or motorcycle are driving by with wind and background talking sounds
Pardelas.wav,a bird is squawking loudly while other birds are chirping in background
Tires car without an engine.wav,heavy rain is pouring down on a roof porch and hard surfaces
md1trk22.wav,a person is moving and rubbing a metal object against another metal surface
POLLA AIGUA 0.16.wav,a person is opening and closing a squeaky door while a bird is chirping
md1trk33-34.wav,a door is creaking and squeaking as it is repeatedly opened and closed
Metallic Lingo.wav,a glass is dropping repeatedly and a spoon or glass is placing on a hard table
Tapping two metal objects .wav,a person is hitting a metal object against a wooden or metal surface
"Motor - Water Pump, Small Fountain.wav",a machine is running at a constant rate while water is flowing or dripping nearby
Sewer outflow to the Baltic sea.wav,strong wind is blowing while waves are crashing on a beach and a car is driving by
Ocean Waves 1.wav,heavy rain is pouring down on a hard surface while strong wind is blowing loudly
Stream Honiton.wav,multiple birds are singing and chirping while a gentle breeze blows
open and close pen.wav,a person is tapping and writing on a wooden surface and paper
pouring water (dif speeds).wav,water is pouring into a cup and then pouring into another cup
Oystercatchers and Chic.wav,a seagull is squawking and chirping while other birds are chirping
RainGutter.wav,a person is walking on a hard surface or through woods while opening and interacting with various objects such as bottles containers doors or gates
Snow effects.wav,a person is walking slowly through crunchy snow near a roadside
Walking on crunchy snow.wav,a person is walking through snow and crunching on icy crunchy surfaces
Pencil 1.wav,a person is repeatedly opening and closing a box container drawer or book
Pensol - le Moulin cours d&#39;eau.wav,water is flowing down a stream or creek and into a pond pool or basin
smallgrocery.wav,people are talking and moving around a room while a machine is running
Playing organ with an open window.wav,a person is playing a piano or organ while people are talking or singing
Pulley Sounds.wav,a person is using a sharp tool to cut or scrape a piece of wood
Ronda - Fountain near the Town Hall (general) - Fuente cerca del Ayuntamiento (general).wav,rain is pouring down heavily onto a hard surface hitting a roof and water is dripping into a drain
Red Beach at night - RJ.wav,a jet is flying overhead near a beach or ocean while strong wind is blowing and waves or cars are present in the background
Rain_under_tree.wav,rain is pouring and water is flowing while birds are chirping
River Alde marsh.wav,birds are chirping while the wind is blowing softly in background
Rocks - hits.wav,a person is repeatedly knocking on a wooden door without it opening
Roosters and dogs wake up in the small village of La Preciosita.  A morning in Mexican countryside.wav,a chicken is clucking while a duck is quacking and birds are chirping
rummage in metal box.wav,a person is moving and dropping metal objects around on a hard surface
Scops owl&#39;s call in night silence.wav,a bird is singing and whistling loudly and consistently in the forest
small dog leaves.wav,a person is walking through the woods while crunching dry leaves and twigs
Snow crunch.wav,a person is walking through crunchy snow and crunching it underfoot
VA State Fair # 10 (Quieter Crowd Noise).wav,a man is speaking to a group while a woman and others are talking in the background
"Two Diesel Locomotives Pass Slowly, L to R.wav",a train is approaching and passing by a station while bells are ringing loudly
Tortured Apple 03.wav,a person is walking through crunchy leaves and crunching crunchy food or debris
STE-011 broadway bridge traffic.wav,the wind is blowing strongly while vehicles are driving by on a wet road
water_flows_through_crack_in_rocks.wav,water is flowing down a stream and into a basin or pool
Wind_Whistling_Dorm_Window.wav,a small electric device is producing a loud highpitched whistling sound repeatedly
soft harsh noize.wav,a very strong wind is blowing loudly and steadily then fading
SonicSnap_GPSUK_sewing machine.wav,a person is using a drill to cut or drill into wood or metal
TRAN_Plane_PropSpin_01.wav,a helicopter is flying overhead getting closer and louder sometimes passing buildings or runways
Wet_Soggy_Squishy_Footsteps.wav,a person is walking through the woods while leaves and twigs are crunching underfoot
village bar.wav,people are talking and eating food in a crowded restaurant environment
Train passing by and horning in Romania (Bacau). Close recording.wav,a train is passing by while the horn is blowing loudly
Street_Car.wav,a train is passing by a busy area while people are talking and interacting
Toilet Shuffling.wav,a toilet is flushing while water is running or dripping from a faucet or basin
toymotor.wav,a large frog is croaking loudly and inconsistently with background frogs
Village road.wav,birds are chirping while cars are driving by and a dog is barking
windroar_constant_1m12s.wav,the wind is blowing strongly while heavy rain is pouring down outside
Flipping Pages.wav,a person is flipping through and turning the pages of a book
"Footsteps, Dry Leaves, G.wav",a person is walking through gravel and leaves while footsteps are crunching
box of valves.wav,a person is walking through a pile of small hard objects producing crunching sounds
walking 2.wav,a person is walking through snow and gravel crunching footsteps underfoot
Car_Suspension_Creak.wav,someone is opening and closing a squeaky door that creaks repeatedly
Atmo Busbahnhof (besser).wav,a large vehicle is driving by on a wet road while wind is blowing
20140809_cruzul.river.wav,water is flowing down a waterfall and running steadily into a pool
20101026Cows.wav,a large group of cows are making loud noises in a small area
20070918.galloping.horse.wav,a horse is trotting or galloping by while a cow moos and animals bleat
Tools Ratchet.wav,a person is using a drill to cut or drill into wood or metal
20090827.pony.wav,a person is walking through crunchy snow producing repeated crunching footsteps
Tallarol capnegre.wav,a cricket is chirping while multiple birds are chirping in background
DH14_CrowTram2b.wav,a bird is chirping while a vehicle is driving by and people are talking
west ham bubbles.wav,a large group of people are chanting and singing a chant in unison
invexdpo.wav,an ambient musical instrument is playing a continuous steady melody while wind blows in the background
rain_medium_thunders.wav,rain is falling heavily while thunder is rumbling and roaring in background
amplitude rich.wav,a radio is playing while a man is speaking and the signal is tuning with static interference
Family Reunion Side A Original.wav,a woman is speaking while children and a man are talking or crying
dog-drinks-pauses-drinks-pauses-drinks.wav,a person is walking through a shallow stream or creek splashing water and occasionally interacting with objects or the wet environment
Unseathing &amp; Wobble.wav,a man is speaking while tapping a glass or metal object on a surface
Lassen.wav,a machine is running continuously stopping briefly then starting again
ToyEngineIrregular.wav,an electric drill is running and cutting through a thin wooden sheet
"Driving, traffic, construction.wav",the wind is blowing strongly while a vehicle is driving by in the distance
Voice 036.wav,a bird is screeching and squeaking loudly sometimes increasing volume possibly inside a cage or responding to calls
growing pipe(s)-2.wav,a machine is running continuously with varying noise levels and then stopping
Digging4.wav,a person is walking through woods while birds are chirping nearby
High Pruner.wav,a person is walking through the woods stepping on leaves and twigs
small crowd outdoors.wav,a crowd of people are talking and laughing in a busy public place
The dishwasher.wav,a machine is running loudly at constant speed while a fan is blowing
Swifts.wav,many different kinds of birds are chirping and singing in nature
_Stream 2 at Krka falls.wav,water is flowing steadily down a waterfall into a stream or pool
snowy_footsteps-15degrees-2(gain).wav,a man is speaking while a woman is speaking softly in the background
02-Bakken_Rollercoaster.wav,a group of children are playing yelling and talking in a playground while occasional background sounds like wind adults talking and a car driving by are occurring
Enduro Motocross - (Kouri Forest - Salonika) 16_03 11.05.wav,a motorcycle engine is revving up and then driving away
20061215.early.morning.wav,birds and insects are chirping while a dog is barking nearby
09-07-13_1900_Bells of Torre dos Clerigos (short).wav,a bell is ringing while people are talking and a church bell is chiming
SFX metal banging.wav,a person is repeatedly hammering a metal object against various surfaces
Clinking Glasses.wav,a person is tapping a glass against a table or another glass
14.12.2011.001.wav,a train is approaching and passing by while a dog or animal is barking
Railroad Crossing Japan.wav,a train is approaching blowing its horn and passing by while sounds fade
20091225.rain.01.wav,heavy rain is falling steadily on a roof and hard surface
161006_0075 creaking floor -nr.wav,a person is walking up a wooden staircase while opening and closing a creaking door
"background of the side streets of Rhodes, scooter, tourists French and American, grinder.wav",a machine is running while birds are chirping and cars are passing
Footsteps_Sneakers_Wet Sidewalk-01.R.wav,footsteps are walking and crunching on gravel or snow while a door opens and closes in the background
walk up carpet steps.wav,a person is walking up a flight of stairs and then walking away
BangingOilTank.wav,a person is repeatedly hitting a metal object against a metal or wooden surface
RYTH_door.wav,people are talking in the background while someone is opening and closing a door
20081102kijjaz-MediumRecordCracklesSynthesis-01.wav,a steady light rain is falling consistently onto a hard surface
restaurant wood floor.wav,people are talking in a restaurant while dishes are clinking and moving
inside a japanese bus.wav,a machine is running in the background stopping and starting again
20091217.17.fountain.wav,water is flowing and running down a fountain stream or pipe into a basin or drain
Rio Cadi.wav,heavy rain is falling steadily while water is flowing down a waterfall
20100801.wharf.silence.night.wav,a dog is barking and another dog is barking while a cat is meowing
Swim Meet.wav,heavy rain is falling steadily and hitting a hard surface
pushkarfeelings.wav,a man is chanting and singing while people are talking in background
Chicharra1.wav,crickets are chirping and singing loudly while other animals are making noises nearby
Wall Clock Ticking.wav,a clock is ticking steadily and rhythmically producing continuous sounds
20150330_02.soft.wind.day.MS.wav,heavy rain is pouring down while wind blows thunder rumbles birds chirp and a car drives by
detr01.wav,a synthesizer is playing a highpitched echoing melody with varying tempo
A Growing Thunderstorm.wav,the wind is blowing strongly while heavy rain is falling steadily
adw018raw.wav,a bell is ringing while a person is ringing it and background voices are occurring
affected_population.wav,a man is speaking while a crowd of people are talking and listening
easter morning birdsong.wav,a bird is singing while multiple other birds are chirping and singing nearby
STE-041.wav,a strong wind is blowing steadily and loudly at a consistent intensity
"Ambiance, Carnival.wav",children are playing and talking in a playground while adults are talking nearby
Ambience - Generator.wav,a machine is running and stopping repeatedly while a motor hums continuously
"Ambience - St Kilda Beach - waves lapping rocks, people nearby, seagulls.wav",birds are chirping and the wind is blowing while a car is driving by
ambientDanger.wav,a synthesizer is playing a rhythmic melodic song with varied tones and slight echo
Waiting for the start and applause.wav,a large group of people are clapping their hands and chanting
arribaBanderas.wav,a large crowd is chanting whistling and cheering at a sporting event
Printing Press 4.wav,a machine is running continuously in a factory while clanking sounds occur
texture paper.wav,a person is using a spray nozzle or bottle to spray liquid onto a surface or themselves while air is blowing through or around the area
wheaten field.wav,a person is walking through the woods while the wind is blowing softly in the background
Owls.wav,a bird is meowing chirping and calling while other birds and animals are making background noises in a forest or wooded area
Crickets indoors.wav,crickets are chirping continuously while a single cricket is chirping intermittently
Forbidden Purr02.wav,a machine is producing a continuous low mechanical hum and faint highpitched tones that vary in volume over time
two noise generators 02.wav,a machine is running at varying speeds stopping and restarting repeatedly
bangalore_zug_steht.wav,a machine is running constantly while a fan is blowing loudly
big pit winder.wav,a machine is striking a large metal object producing a highpitched ringing sound
bridge.wav,birds are chirping while a car is driving by and wind is blowing
SamyeLing_Pheasant121102.wav,a bird is chirping while one or more birds are calling or singing
Blade sharpening.wav,a person is using a sharpening tool to cut and file a piece of wood
LogsOnLogs.wav,a person is walking on a hard wooden surface while birds are chirping
TRAIN 1B.wav,a train is moving on tracks while another train is passing by
Bobcat moving pallets etc Part 2 080320.wav,a machine is running continuously vibrating and making loud noises then stopping and restarting
lakefountain.wav,a bird is chirping while a stream is flowing in the background
Brushing teeth.wav,a toilet is flushing while someone is turning on and off water from a faucet to fill a container
Brushing_Teeth_Bathroom_Fx.wav,a person is using a toothbrush to brush their teeth continuously
bus_leaves.wav,a large truck is idling then accelerating and driving away
water_stream_001.wav,water is flowing steadily into a basin and down a drain
el sonido del arbol y la tierra yerlin .wav,a man is speaking while children are playing talking and a bird is chirping
C Minor Chords Musical Soundscape.wav,an orchestra is playing an instrumental musical piece with strings gradually increasing volume
Chopping pieces of mushrooms vigorously.wav,a person is chopping and cutting wood using a knife and other tools
Kitchen Chair Pulled on Linoleum Floor_1-2.wav,a person is dragging a heavy wooden object across a wooden floor
charchoal drawing on paper.wav,a radio or machine is emitting a continuous loud static noise
howling_wind.wav,a person is snoring loudly and repeatedly increasing volume intermittently
radiater-machine air and hum.wav,a machine is running continuously emitting a steady loud static noise
t34t trafik[1].wav,people are talking while a car horn is blaring and honking repeatedly
Toilet Flushaf.wav,a toilet is flushing while water is running and dripping into a tub
House_kettle boil_whistle.wav,a tea kettle is whistling repeatedly and increasing its pitch loudly
mechanical.wav,a machine is running continuously while a metal object is striking another metal object
whiteNoise.wav,a machine or device is producing continuous white noise while water is flowing steadily in the background
somethingatthedoor.wav,a machine is running while a metal object is being dropped onto a hard surface producing repeated impacts and background noises
Ominous Ambience.wav,a machine is running continuously at high speed producing loud highpitched noise and then stopping briefly
Galactic signal 3.wav,a machine is emitting a loud highpitched tone that is repeatedly increasing and decreasing in frequency
uguisbari.wav,a person is walking up a wooden staircase opening and closing a door then walking down another wooden floor or staircase
trains_on_bridge.wav,a train is moving along tracks while vehicles and sirens sound nearby
keurig-coffe-maker.wav,a machine is running continuously then stopping and starting again
greece_naxos_cicadas_2.wav,crickets and other bugs are chirping loudly and consistently at night
freight train close by wooded park.wav,a train is passing by on nearby tracks while its horn is blowing loudly
metal workshop quiet.wav,a person is dragging a metal object across a floor or surface producing scraping and striking noises
Duckpond.wav,a duck is quacking loudly while other birds are chirping in the background
F1.BR.07.InBox.SeveralCars.3.wav,a motorcycle engine is revving and accelerating while speeding away
sand falling on paper.wav,a person is frying food in a hot oiled frying pan with popping sounds
Unknown morning sound from foliage-BELZ-Caye Caulker-20091211-LFE-007.wav,a bird is chirping loudly while other birds and insects are making noises
flock of geese flying over2.wav,a large flock of geese are flying by and making loud calls
Foley bullet hit metal pipe.wav,a metal object is repeatedly hitting and striking another metal surface
Wood Steps.wav,a person is walking up wooden stairs and continuing up the staircase
Stepping in puddles w ambient rain.wav,water is flowing and dripping in a stream while splashing on rocks
Footsteps Concrete Scuffs Soft Shoe.wav,a person is walking up and down a wooden staircase and floor
Machine 2 multi Stage.wav,a machine is running continuously at a constant speed and volume
Forest river.wav,heavy rain is pouring steadily while water is flowing down a waterfall
Garden chimes.wav,wind chimes are clinking and striking each other rhythmically in the wind
Heavy Wind on Microphone.wav,the wind is blowing strongly and loudly with occasional gusts throughout
miniature goats and sheep.wav,a child is speaking while a baby is crying and a sheep or goat is bleating
spring rain in the woods.wav,the rain is pouring down heavily while multiple birds are chirping in the background
scissors_cut_paper.wav,a person is flipping through a book turning pages and writing on paper
water_vipS.wav,water is running and dripping from a faucet into a sink basin
Small Junk Dropped.wav,a person is dropping a metallic object and a glass onto a hard surface
london-st-james-park-feeding-the-birds.wav,a large group of ducks are quacking and chirping with other birds
threejackhammers.wav,a motorcycle engine is idling while a man is talking nearby
Lekkers Ambience.wav,a large crowd of people are talking and chatting in a busy public area
Rain Outside window from the indoor version.wav,rain is pouring down on a roof and hitting a hard surface
Marketing Car Churros.wav,a man is speaking on a radio while a woman is speaking in the background
WavesOnTheShore.wav,water is flowing and splashing against rocks and bubbling into a pool
metal rain.wav,a synthesizer is playing a highpitched electronic melody continuously
two way traffic five lane road.wav,several cars and a large vehicle are driving by on a busy highway
nxSample008.wav,a train is coming to a stop near a running machine while people are talking
UrbanHerringGulls.wav,a variety of different bird species are chirping and singing
soda in ice.wav,water is pouring from a container into a cup and then into another cup
Rain hitting leafs.wav,a person is walking on a hard surface while heavy rain and thunderstorm sounds are occurring
Street Market 2.wav,a man is talking while a crowd of people are talking in a crowded area
Water machine.wav,a person is pouring liquid into a container then emptying it while a machine is running
footsteps_2.wav,a person is walking up a wooden staircase and then walking down or away
Spring Lambs at Middle Hulme Farm Near Meerbrook.wav,birds and a duck are chirping and quacking while water is flowing
Underwater Noise restless 01 140704_0285.wav,a person is swimming in a pool and splashing water around continuously
Squeaky car door.wav,a door is creaking repeatedly while it is opening and closing
02668 stripwood noises.wav,a person is repeatedly opening and closing a metal door while walking around
Knife Hitting Wine Glass.wav,a person is tapping a glass repeatedly on another glass
Small plane.wav,a machine is running continuously while producing a loud highpitched humming sound that varies in speed and intensity over time
Fliping pages in a book.wav,a person is flipping through a book and then writing on paper
German Post Office Scene.wav,a person is walking up stairs while a door opens and closes
20080320.farm.ambiance.2.wav,a variety of different kinds of birds are chirping and singing outdoors
singing bell hit 2.wav,a bell is ringing repeatedly at a consistent rate while gradually increasing volume
End of rain 090707.wav,rain is pouring down and hitting a roof and hard surfaces
Bees Collingwood.wav,a swarm of bees is buzzing around a tree while birds are chirping
Metal_Workshop_2.wav,a machine is running continuously in a factory while various metallic noises and door sounds are occurring in the background
Spirited Away.wav,a loud highpitched wind is blowing and whistling continuously
ankara_Modlitwy3.wav,a man is singing a song while another person is chanting or singing in the background
Glass Bottles rattle and chink.wav,a glass is being dropped picked up and repeatedly hitting a table
fireworks1.wav,fireworks are being lit and going off rapidly in the distant sky
at the westcoast.wav,the wind is blowing while waves are rolling and crashing near water
BR Standard Class 4 2-6-4T Steam Engine Departing - Irwell Vale Halt ~SE1 XY stereo pair.wav,a train is moving down the tracks getting closer passing by and whistling loudly
RKeaton_EMF366_12_Tearing Thick Paper.wav,a person is flipping through and turning pages of a book on a table
ShortCarRain.wav,the wind is blowing hard outside while rain is pouring and a car is driving by
Eerie Shimmer.wav,a machine is running consistently while producing a loud highpitched ringing sound
Marcher_feuilles.wav,a person is walking through the woods while leaves are crunching underfoot
01 barreau bunker original.wav,a person is striking a metal object repeatedly and rhythmically against another metal surface
Donner2.wav,thunder is rumbling and rain is falling heavily during a thunderstorm
MorningOwlsAug29th2015.wav,crickets are chirping loudly while various other critters and birds are making noises nearby
Shower Running 01.wav,water is running from a faucet or tap into a sink or basin continuously
moving flipcharts after the meeting.wav,a machine is running while a person is walking and opening a door
Lexington Ave Express.wav,a train is moving along railroad tracks while people are talking in the background
05769 carpenter&#39;s workshop ambience.wav,a person is using a machine to cut wood while another machine is running and intermittently stopping in the background
06 - 333 con tren hotel saliendo de la estacion de Zamora hacia Galicia.wav,a train is moving down the tracks while passing by a train station
07 ambient bell.wav,birds are chirping while the wind is blowing and church bells are ringing
Air raid siren_rising.wav,a bird is chirping loudly while a siren is blaring in background
105bpm.wav,a person is playing a song with a soft melody and musical background
1122thrum.wav,a machine is running and humming steadily producing a low mechanical sound
Outdoors rumble.wav,the wind is blowing steadily and continuously at a constant strong intensity
17-Year Cicada Mating Call.wav,a bird is loudly making rapid highpitched hissing and squealing sounds
mall_1_escalator_0725_113354.wav,a man is walking through a crowd of people who are talking and interacting in the background while a woman is speaking softly nearby
Dribbling water.wav,water is pouring from a faucet into a container and then flowing down a drain
Bush bird noises.wav,a variety of different bird species are chirping and singing
urinating on a wall.wav,water is pouring and running from a faucet or tap into a basin or sink
Steam 20.wav,a person is repeatedly opening and closing a wooden door with clanking sounds
Shed Floor.wav,a person is walking up and down wooden stairs and then walking away
enoesque-Thunder and Rain 1.wav,heavy rain is falling while thunder is rumbling and roaring loudly
microondas.wav,a fan is running steadily while a machine hums then the fan turns off
sparrows.wav,a variety of birds are chirping and singing together outdoors
sawing asphalt.wav,a large machine is running constantly while a person is talking
CarEntireInternal01.wav,a machine is running continuously while wind or a fan is blowing
San Francisco Traffic at Powell And O&#39;Farrell.wav,a motorcycle is driving by while people and a man are talking
Nord_Odal_Nyhus_04_juni_2011_quiet_forest_birds_insects_leaf_rustle_02.wav,the wind is blowing while birds are chirping and water is flowing
spring morning birds oiseaux reveil printemps #1.wav,a variety of different bird species are chirping and singing outdoors
scie.wav,a person is using a saw or chainsaw to saw through a piece of wood
Atmo Wartehalle2.wav,a crowd of people is talking and chatting in a large crowded hall
Spring Birds Raw (New Jersey).wav,many birds are chirping and singing while the wind is blowing in the background
"Wide Stereo Outdoor Ambience - Birds, distant cars.wav",a variety of birds are chirping and singing loudly in the woods
20110804_river.distant.19.wav,water is flowing down a stream into a pond or pool with bubbling and occasional duck quacking
WasherSpinCycleWindDown4BeepEndSignal.wav,a machine is running steadily then stopping briefly and restarting again
20130406_tourists.06.wav,children are playing and talking in a playground while adults are talking in the background
20160124_Pencil-on-Paper.wav,a person is tapping fingers and writing something on paper
larger_waterfall.wav,heavy rain is pouring steadily while water hits hard surfaces
Train and dog.wav,a dog is barking while a car is passing by and birds are chirping
Money in the bag.wav,a man is speaking over a loudspeaker while a woman and crowd are talking in the background
More waves at Collingwood.wav,the wind is blowing strongly while ocean waves are crashing against the shore
opening attic.wav,a person is opening and closing a door while walking around or through it
QuietForestSpringEvening.wav,birds are chirping and singing while a gentle wind is blowing
Ahr river.wav,water is flowing down a stream or creek at a constant rate into a basin pond pool or drain sometimes with a fountain running in the background
clinking_tiles_01.wav,a person is walking while keys and glasses are clanking in background
Metro - Greece.wav,a woman is speaking over a loudspeaker while a man is talking nearby
airplane01.wav,a plane is flying overhead while a loud engine and wind are blowing
airport general.wav,a woman is speaking over a loudspeaker in a large enclosed room
AmbientAtmosphere.wav,a group of people are talking while various background noises are occurring
Ambulance Siren.wav,a police car is driving up and down a busy street with its siren blaring
Hail 1.wav,rain is falling heavily on a metal roof and hitting nearby hard surfaces
Ronda - The Old Shrine - La antigua Ermita.wav,many different birds are chirping and singing outdoors in trees
Forest with Birds and Wind in the Trees.wav,a variety of birds are chirping and singing in a forest while wind blows
shoreline_waves_seagulls.wav,the wind is blowing while waves are crashing against the shore
Car vs. Freight Train.wav,a train is passing by while a large vehicle is driving nearby
road01.wav,a vehicle is driving past a busy street while several cars and a motorcycle are passing by
Forest9.wav,heavy rain is falling and hitting the roof while fire is crackling nearby
Baking dish picked up put down.wav,a person is repeatedly dropping and hitting a metal object against a hard surface
Glass jar on board.wav,a glass is being dropped and another glass is being placed on a table
Pencil Writing.wav,a person is writing something on a piece of paper using a pencil or marker
Diving Bell 1.wav,a person is ringing a loud bell continuously at a steady consistent rate
barbacoa_electrica1.wav,a person is frying food in a hot frying pan on a stove
carnival_parade_cologne_1.wav,a crowd of people are talking chanting and celebrating while music is playing
Bathtub_with_Foam.wav,water is running from a faucet into a container which is then emptied into another container
FlushToilet.wav,a toilet is flushing while water is running from a faucet or hose nearby
momoscas 1.wav,crickets are chirping while a bee and other insects are buzzing
Long Fuzz.wav,the wind is blowing strongly and steadily outside producing loud whistling sounds
Coins Moving in Jar.wav,a person is shaking various containers of ice and other small objects occasionally pausing or handling them in different ways
big-machine-fan.wav,a machine is running and humming at a mostly constant speed occasionally slowing down or speeding up
passenger train bells.wav,a train is passing by a busy railroad crossing while a horn is blowing
birmingham-aston-canal-extractor-fan-background.wav,a machine is running continuously at a constant rate while a fan or low rumble is blowing in the background
outdoors street ambient noisy traffic.wav,a large vehicle is driving by on a street while people are talking in the background
next spring day in the polish forest - rear.wav,a person is walking through the woods while leaves are crunching and birds are chirping in the background
Wooden Floor Body Slams.wav,a person is walking up wooden stairs and opening and closing a door
elevator sequence ambience door opens closes descends door opens.wav,a door is opening and closing repeatedly while someone is shutting it
EarlyMorningRain.wav,heavy rain is pouring down steadily and hitting a hard surface
Broom_Bear_Street_Sweeper_Roadwork.wav,a machine is running stopping briefly and then starting again
RoomTone.wav,a machine is running steadily while a fan is humming constantly
traffic w scott.wav,a man is walking and talking on a busy street while cars drive by
WaterBottle.wav,a person is walking around indoors flipping through a book opening and closing doors and occasionally stopping
Bubbles water.wav,a person is pouring liquid from a bottle into a glass already containing liquid
Water drops.wav,water is dripping continuously from a faucet into a sink basin
butter_hot_egg_pan.wav,water is running from a faucet into a sink hitting surfaces
DoorSqueak.wav,a person is opening and closing a squeaky wooden door repeatedly
button_drop.wav,a person is tapping a wooden object against a wooden surface repeatedly
Footsteps_Leaves_Walking.wav,a person is walking through crunchy leaves and cracking twigs
SeaShell_02.wav,a person is walking through crunchy snow and ice producing crunching sounds
Subway-Moscow-013.wav,a machine is running continuously at a constant rate while producing loud noise
Int. Car Drive 2.wav,a person is walking while opening and closing a car door with wind blowing
Ext-amb_park_late-fall_distant-gun-shot_Distant-Child-shouting.wav,the wind is blowing steadily and loudly while a vehicle is driving by
Heavy rain and thunder in Oklahoma.wav,heavy rain is pouring down while distant thunder is rumbling and clapping
thaitrain.wav,a train is moving down tracks while people including a woman are talking in the background
"Cruiseship - outside, night.wav",the wind is blowing strongly while heavy rain is falling steadily and a machine or car is running in the background
stereo ambient indoors living room heavy traffic outside.wav,a vehicle or machine is running while wind is blowing in background
RNC - St. Paul - 2008-09-02 (normalized).wav,a large crowd is chanting cheering and shouting loudly in unison
Juicer Shredding and Shutting Down.wav,a person is using a drill to cut through a piece of wood while the machine runs buzzes stops and starts again
Saas-Fee Hannig Field 03 100710.wav,the wind is blowing while multiple birds are chirping in background
Rain_Falling_On_Umbrella.wav,rain is falling heavily and steadily on a hard plastic roof surface
sparvagn-edit.wav,a large machine is running continuously while a whistle or siren is blowing and a large vehicle or train is passing by
Shower Driping Fast to Slow.wav,a person is tapping and hitting a metal object rhythmically on a metallic surface while a machine operates in the background
Crunchy walk on pebbles.wav,a person is walking through a forest on crunchy leaves twigs and gravel while wind blows in the background
Crowd Atmos.wav,children are talking yelling and playing while people are talking and laughing in a crowded area
SpringPeepersMarch2012.wav,crickets and other nocturnal critters are making noises outdoors
Crinklng and opening packet of potato chips.wav,someone is opening and crumpling a bag while eating crunchy nuts or chips
Crowd at a British wedding reception venue.wav,a crowd of people are talking to each other in a crowded area
Under water sounds while scuba diving.wav,a person is blowing bubbles into a waterfilled container or tub
Rain recording.wav,rain is pouring down heavily and steadily hitting a hard surface and dripping from a roof
Diesel Truck Idling Front.wav,a machine is running continuously maintaining steady speed then changing speed
luffy_earth5.wav,a machine is running at a constant speed and then slowing down or stopping
dissolvingEffervescentTablet.wav,a person is opening a bottle and pouring liquid into multiple glasses
Urban Snow Melt.wav,water is flowing steadily from a faucet into a sink and down a drain
water dripping 2.wav,a person is pouring water from a tap into a glass then pouring it between glasses and placing a spoon down
Drawer_handle_clap_OWI.wav,a person is repeatedly hitting and dropping a metal object onto a hard surface
Footsteps on snow.wav,a person is walking slowly through crunchy snow producing repeated crunching footsteps
paper falling and crunching_1-2.wav,a machine is running while a person is walking through crunchy leaves or snow
STE-018_lisbonbirds.wav,birds are chirping while a person or people are talking in background
File clicking open.wav,a person is hammering a metal object repeatedly against a hard surface
Metallic  Gate.wav,a metal object is repeatedly hitting and striking another metal object
foley footsteps - raw.wav,a man is speaking and then another man is saying something
"traffic medium throaty cars trucks mopeds Havana, Cuba 2008.wav",a vehicle is driving by while a man and a woman are talking in the background
light suburban ambiance.wav,the wind is blowing while birds are chirping and a car is driving by
Walking on gravel.wav,a person is walking through the woods while leaves and insects are crunching
TOILET FLUSH 2.wav,a toilet is flushing while water is running or dripping from a tap into a sink or container
Int. Car Drive 1.wav,the wind is blowing strongly and steadily outside a window producing gusts and varying intensity
nxSample002.wav,a vacuum cleaner is running loudly in an enclosed space stopping and starting repeatedly while possibly spraying water
"Outdoors, Cars pass by.wav",a car is driving by quickly while a large vehicle is approaching and then passing by on a busy road
medium clap.wav,a group of people are chanting cheering and singing loudly together
Paper Blowing.wav,a person is repeatedly opening and closing a door multiple times
Train stop.wav,a machine is running stopping starting while doors open and close birds chirp and occasional squeaks occur
Metal_Gate_squeak_mono.wav,a large metal object is being dragged across a hard surface
Jet over Rosemont Horizon Parking Lot.wav,a plane is flying overhead and then another plane is passing by
living room tone  ambient distant noises neighbours.wav,a person is walking and speaking in a room while a fan and machine are running with water dripping or rain falling in the background
Riverdream Water HGain.wav,heavy rain is pouring steadily onto a hard surface hitting loudly
lama2.wav,a large machine is running at high speed and producing a loud highpitched buzzing noise
sharpie.wav,a person is writing something down on a piece of paper
MOTOR_BOTE_OMAN.wav,a large machine is running continuously at a steady pace with engine noise
night ambient crickets bugs white noise.wav,crickets are chirping loudly while other insects and night animals are making noises
releasing_water_into_sink_and_draining.wav,water is running from a faucet or tap into a sink or basin and flowing down the drain while the faucet is turned on and then off
Rain A. Sample Bank 2. 14-4-2010.wav,a bird is chirping loudly in the foreground while wind is blowing
"Rain on awning, canopy.wav",heavy rain is pouring down on surfaces while thunder is rumbling
rhythm of the falling drops.wav,a man is walking on a wooden floor or stairs while talking and producing tapping or clicking sounds
07 storm - orage.wav,rain is falling heavily while thunder is rumbling and roaring in background
Remix of 101980__pyr0x__growl_variants.wav,a person is snoring loudly and repeatedly while gradually snoring louder
Pasir Panjang Calm Ocean.wav,the wind is blowing strongly while waves are crashing loudly against the shore
20070824.supper.wav,a person is talking and walking in a kitchen while opening and pouring from a glass and glass jar
20080505_1309unlock_doors.wav,a person is walking to a door opening and closing it then entering or exiting through it
Blackbird tweet with waterfall background.wav,a bird is singing and chirping while a waterfall is flowing nearby
Tenerife_bazaar_2.wav,a crowd of men and women are talking and laughing in a crowded public area
Chopping Celery.wav,a person is using a hand tool to scrape file and cut wood surfaces
creaking train.wav,a large machine is running and blowing air while a train is passing by
Cruiseship - passenger library.wav,a machine is running continuously at a constant rate while a fan is blowing in the background
Elevator sounds.wav,a machine is running while a door is opening and closing repeatedly
Rain on Window.wav,a machine is running constantly while clanking and gears are spinning
08-Garage Opening-consolidated.wav,a machine is running while a door or gate is opening and closing
bands_and_motorbike.wav,a motorcycle engine is revving up and then driving away while a car engine idles or revs nearby
forest_ambiance_chepachet_spring_night_2.wav,crickets are chirping loudly while frogs and other critters are croaking nearby
stream + ocean.wav,heavy rain is pouring steadily down onto a hard surface and flowing
Harvard Square.wav,a crowd of people are talking and singing while music is playing
Grinder.wav,a small bell is ringing loudly in a regular pattern stopping and then ringing again
Night drive.wav,the wind is blowing steadily and powerfully outside while rain is pouring
small_water_fall_in_the_woods_2.wav,water is flowing down a small waterfall or stream running over rocks and into a basin or drain
Terminal2.wav,a person is walking up stairs entering a building and walking away
trumpet.wav,a person is playing a trumpet while a crowd is talking in the background
2 08 Br Lib 2 amb kids.wav,a man is walking through a hallway while talking to a woman or group
construction_rubber_mallet_01.wav,a person is repeatedly knocking on a wooden door sometimes harder while the door remains mostly closed
birds_long.wav,a variety of birds are chirping and singing closely in the forest
20070318.forest.00.wav,birds are chirping and singing while a gentle breeze is blowing
"traffic medium throaty downtown and people from balcony Havana, Cuba 2008.wav",a large vehicle is driving by while a group of people are talking in the background
20080226.serins.rbd.02.wav,a variety of different kinds of birds are chirping and singing in the woods
OrchestraTuning1.wav,a person is playing a stringed musical instrument performing a song indoors
Barn_Door_Wind_001.wav,a person is walking up a wooden staircase and opening and closing a door
Train passing by in a rail station in Brussels (Schaerbeek).wav,a train is coming to a stop near a station while a horn is blowing
Popcorn Popping.wav,a metal object is repeatedly striking another metal or wooden surface
Chrysalism.wav,a thunderstorm is brewing while rain is falling and thunder is rumbling
schoolyard.wav,a group of children are yelling chanting playing and shouting loudly
a flag is waving at the pole.wav,a metal object is repeatedly striking another metal surface producing rhythmic sounds
Surf and birds.wav,the wind is blowing strongly while heavy rain is falling continuously
"a gentle breeze, wind 6.wav",the wind is blowing loudly and steadily at a consistent rate with background wind sounds
Nature sounds close to garden.wav,crickets are chirping while a soft breeze is blowing in the background
Ambience birds.wav,a large flock of various birds is chirping singing and calling in the background
Mass MoCA Bathroom Door.wav,a metal object is being dragged repeatedly across a creaking wooden surface
amradiochanging.wav,a radio is trying to tune into a station while a man is speaking
Flipping Coin Can.wav,someone is walking through snowy woods crunching leaves snow ice and twigs underfoot
Burco Conveyer Toaster running.wav,a machine is running while metal objects are clanking and striking each other
Cooking rice.wav,a machine is running continuously at a mostly constant speed and volume
noise interference.wav,a machine is running continuously and generating a loud buzzing noise
Drilling into stone.wav,a chainsaw is cutting through a piece of wood while background noise occurs
peopleTalks1.wav,a large crowd of people is talking and having conversations in a public place
Deshaciendo y alisando la bola de papel de aluminio.wav,a person is opening and closing a bag or package containing nuts bolts or snack chips
gym machine 2.wav,a machine is running continuously at a constant speed and volume
Evening Atmosphere #2.wav,a dog is barking while one or more birds are chirping in background
People talking while waiting the bus.wav,a crowd of people is talking in a busy noisy area with traffic
Rynek Warszaski.wav,children are playing and talking in a park while birds are chirping in the background
snowSteps.wav,a person is walking through snowy terrain while footsteps crunch and wind blows in the background
Tiergarten birds early morning.wav,a variety of different birds are chirping and singing closely together
Marrakech Walking.wav,a man is talking while a crowd of people are talking in the background
viento.wav,a bird is singing and whistling while wind is blowing in background
BUS RIDE R.wav,a man and a woman are talking while a police car is driving by with sirens and car horns blaring
Edit Radio .wav,a radio is trying to tune into a station while static and a person speaking occur
Urban Covered Pathway.wav,a person is walking up a long wooden staircase and then down stairs
Fountain .wav,water is flowing down a stream splashing on rocks and birds are singing
Glass_rubbing_cups.wav,a bottle cap is opening and liquid is pouring into a glass
Leaf Blower.wav,a chainsaw is cutting through wood while starting stopping and restarting repeatedly
Clock.Windup.Bell.Antique.wav,a bell is ringing repeatedly while a smaller bell and a doorbell are ringing intermittently
my kitchen sink talks to me.wav,water is flowing and dripping into a container already holding liquid
crows_outdoors_northern87.wav,a large group of people are talking to each other in a crowded place
DAB RADIO FREAK OUT.wav,a machine is producing and emitting a loud continuous highpitched alarm tone
downpipe rain thunder.wav,rain is falling heavily while water is dripping and thunder is rumbling
Metal spoon on china plate.wav,a glass is being dropped and hit against a table while a spoon is being tapped or placed nearby
Living Minute - Winter Thaw.wav,rain is pouring down on a hard surface while water is dripping or running into a basin sink tub or drain
shower taking.wav,a shower is running and water is dripping into a tub while being turned on and off
Stadium Wind.wav,the wind is howling while a siren is blaring and a plane is flying overhead
Walking in Kitchen.wav,a person is walking up a wooden staircase and walking down a wooden floor
Fuente Cotino 2.wav,water is running from a faucet into a sink and draining
Glass bottles in and out of a basket.wav,a person is opening and closing a glass jar or bottle repeatedly
Plastic Chips Wrapper.wav,a person is crunching and crinkling a bag of crunchy snack chips
Kitchen fan.wav,a machine is running and humming at a constant speed and volume
RemoteControl.Antique.Zenith.wav,a person is repeatedly striking a metal object against a wooden or hard surface
Staircase walk 1.wav,a person is walking up to a door and opening and closing it
Turning on Shower 2_1-2.wav,water is running and dripping from a faucet or shower into a sink or basin
pencil sketch 2.wav,a person is writing notes on a piece of paper using a pencil or pen
static obscured voices 570 kHz.wav,a man is speaking on a radio while background voices and sounds play
Wood-burning stove.wav,a machine is running while a person is pouring liquid into a container already filled with liquid with water flowing bubbling and wind blowing softly in the background
Street Ambient (Spain) .wav,a large crowd of people is talking and walking in a busy outdoor area
French fries in the making.wav,water is running from a faucet into a sink and down a drain
WALK_outAndBack_snowDay_01.wav,a person is walking through snow and crunchy surfaces producing crunching footsteps
Large Hiroshima Peace Bell.wav,a bell is ringing repeatedly while birds are chirping and singing in the background
"waiting for passengers at the airport, background.wav",a group of people are talking to each other in a crowded room
Flint being struck.wav,a person is chopping wood with a tool while background noises occur
kijjaz - Bangkok Rain and Thunder 01.wav,heavy rain is pouring down while thunder is rumbling and clapping
WS_20122 [8.3.09] nr drips mono uprocessed.wav,a person is tapping a wooden object repeatedly against a hard surface
freight_train_1.wav,a train is moving down tracks making clanking noises while a factory machine is running
Fireplace.wav,a campfire is crackling popping and burning steadily in the background
buzzing stinging.wav,a bee is buzzing around while birds crickets and other insects are chirping and buzzing in the background
Water at Parika Stelling Guyana.wav,a person is swimming or paddling in water and splashing repeatedly
Household - Atmos - Wind Through Window.wav,strong wind is blowing while a vehicle possibly a car or plane is driving or flying by
20121014_boat_tour_01.wav,a man is talking to people while children and a baby are crying
thespider.wav,a machine is running continuously then stopping briefly and restarting
Building Construction in Amsterdam Oost.wav,a person is hammering a metal object against or into a hard metal or wall surface while walking or standing nearby
lackey070329_11_52_am_jackhammer.wav,a person is using a drill to drill a hole through a piece of wood
small_waterfall.wav,water is flowing and bubbling down a stream into a basin or pond
street_ambience_day.wav,a crowd of people are talking to each other in a noisy crowded area
bologna_street1.wav,a crowd of people are talking and moving in a busy area
amolador_pan_pipe.wav,a bird is chirping and singing while a car is honking and driving by
LoneCricketInFallBasement.wav,a cricket is chirping continuously and loudly in the nighttime background
Sea sound-3.wav,the wind is blowing strongly while heavy rain is falling steadily
SilverStarSearchAndRescue.wav,a machine is running noisily at a constant speed and then stopping
Avion.wav,the wind is blowing while a plane is flying and taking off
"sea on the road, night, Rhodes.wav",the wind is blowing strongly while waves are crashing against the shore
indoors ambient room tone with clock ticking somewhere and occasional traffic and people jabbering.wav,a machine is running while people are talking in the background
laundry.machine.wav,a machine is running continuously while another machine is clanking noisily
PassingMotorCycles01.wav,a motorcycle is driving by revving its engine speeding up slowing down and passing while another vehicle starts driving nearby
Gazpoile_long.wav,a machine is running continuously at a constant speed and intensity
freight_on_bridge.wav,a train is passing by a train station wheels clattering and engine running
can.wav,a person is tapping a glass and fingers against a wooden table
Waterfalls_00216.wav,heavy rain is pouring down steadily hitting the street and hard surfaces
girl playing violin at subway passage 0601_215735_1 XYmics.wav,a person is playing a stringed instrument while a crowd is talking and listening
squeaky_glass.wav,a metal object is being dragged and rubbed across a hard surface producing loud squeaking sounds with occasional background noises
interrupt.wav,a person is tapping and repeatedly opening and closing a wooden door
water_stream2.wav,water is flowing and splashing over rocks in a stream with a waterfall and rain falling in the background
Cracking and frying egg.wav,water is running from a faucet into a sink or container continuously
RadioFan.wav,a man is speaking while a television or radio is playing and a woman or low hum is present in the background
Duck_quack_2_Sweden.wav,a duck is quacking while other birds including possibly a seagull are chirping in the background
E-brake.wav,a person is opening and closing a door repeatedly with slight clinking
Grand Prix 2.wav,a motorcycle is revving its engine and then accelerating away rapidly
je_campuswalk.wav,a person is walking through snow while strong wind is blowing steadily
tap water.wav,water is flowing from a faucet into a sink or container dripping and being turned on and off
moucho-I.wav,a variety of birds are chirping and singing loudly in unison
Hunebed D27 Borger.wav,children are talking and playing in a playground while adults are talking nearby
20070720.rbd.chicharras.02.wav,a machine is running constantly while people are talking in background
Opening and Closing Bolt Door.wav,someone is opening and closing a door multiple times while walking in and shutting it
Serving Water Quickly.wav,a person is pouring a drink into a glass and then pouring water
plasglass.wav,a person is opening a bottle or can and pouring liquid into a glass
STE-039 trevi fountain at night.wav,a waterfall is flowing loudly while people including a man and child are talking and laughing
Traffic.wav,a large vehicle is driving by a busy street slowing down idling briefly then speeding away while wind blows in the background
train screech.wav,a train is moving along tracks near a factory while doors are opening and closing and metal noises occur
greece_melanes_cofee_1.wav,a man is speaking to a woman while she is talking back
Blowing on Microphone.wav,a person is breathing heavily and coughing while the wind is blowing loudly in the background
20 bottles nt 2_10.wav,someone is tapping a glass on a table while placing another glass nearby
HammerDrill.wav,a person is opening a bottle and pouring liquid into a glass repeatedly
weird rapidbeat.wav,a machine is running steadily stopping briefly then restarting continuously
Ford Mustang Engine (1985).wav,a machine is starting up running briefly shutting off and restarting
15_Rain_Ocean_HeavierLighter_44_16.wav,rain is pouring down steadily hitting a roof porch and hard surfaces
Outside02.wav,the wind is blowing strongly while cars and vehicles are driving by
20070819.fjord.beach.00.wav,the wind is blowing strongly while waves are crashing against the shore
crickets cicadas frogs.wav,a cricket is chirping in the foreground while insects and birds are making background noises
Garbage Truck.wav,a machine is running loudly while a door is opening and closing repeatedly
rios_barney_alta_fidelidad_avenida_ciudad_intermedia.wav,a vehicle engine is idling starting and then driving away repeatedly
City Bus.wav,a machine is running constantly while people or a person are talking speaking walking or coughing in the background
New Inn.wav,people are talking to each other while dishes and glasses are clanking in the background
Acid_lake-Dallol.wav,heavy rain is falling steadily and pouring onto a hard surface
Small watetfall.wav,the rain is falling heavily and steadily on a hard surface
CoffeeShopChatter.wav,a crowd of people is talking to each other in a crowded room
Microwave Door Open Close .wav,someone is repeatedly opening and closing a door multiple times
little creek in the woods.wav,water is flowing down a stream or small fountain into a basin or drain
Blind Man Whistling.wav,a train is whistling loudly while a bird is chirping nearby
bus pass.wav,a machine is running steadily while a car or large vehicle is driving by
Wood Floor.wav,a person is walking up stairs and opening and closing a door
Crickets in the night.wav,crickets are chirping in the foreground while other insects are buzzing in the background
Seashore Atmos LW2.wav,a tractor is idling while a second tractor is revving its engine and then driving away
Door handle squeaks.wav,a person is opening and closing a wooden door repeatedly then locking it
FISCHER_ZOE-2016_2017_forest-walk.wav,a person is walking through woods while another person is whistling
herumwerkeln im Hintergrund_Holzschleifen.wav,a person is walking up stairs and opening a door into a room
sea_water_passing_through_pier_hole_01.wav,a boat is splashing and moving through water near a shore
traffic and footsteps.wav,a motorcycle is driving by while multiple vehicles including cars are passing by on a busy street
Fountain_1.wav,water is flowing down a stream or fountain into a basin or drain
Foley pick up gun on wood 01.wav,a person is opening and closing a container drawer or box repeatedly
metalic birds.wav,a bird is singing and another bird is whistling consistently
tin cans wind 1 - 16.1.11.wav,water is dripping and pouring onto a metal surface and into a metal container while metal objects are clanking and hitting each other
drain-water.wav,water is flowing down a stream or pipe into a basin or drain
Shower and walk - front.wav,rain is pouring down on a hard metal surface and running into a drain while water drips and a machine or fan is running in the background
201106092013VauxsSwiftsSteigerwaldLakeNWR.wav,a variety of birds are chirping and singing in the forest
Hunebed D26 Drouwenerveld.wav,a person is walking on a hard surface while birds and insects are chirping
Rain Loop with Low-Cut Filter.wav,heavy rain is pouring down hitting the roof and hard surfaces
kids.wav,children are playing and talking while birds are chirping in background
TrainDistantWhistleWithEchoDecember2015.wav,a train is passing by while blowing its horn loudly and continuously
Room Tone Inside a Car.wav,a shower is running and water is dripping continuously at a constant rate
Storm coming.wav,heavy rain is pouring down on a hard surface while thunder is rumbling in the background
outdoors ambient windy wind leaves rustle hum.wav,a person is walking through a forest or woods while wind blows leaves crunch rain pours and background sounds like birds chirp and insects buzz
bunker drip resonance 1.wav,a bird is chirping while water is dripping or running in the background
WATER DRIPPING ECHO.wav,water is pouring into a container already holding liquid and flowing down a drain
Walking On Dry Leaves Normalised.wav,a person is walking through crunchy leaves and twigs crunching underfoot
heavy traffic with ambulance siren.wav,a police car is driving by a busy street while a siren is blaring
rain.gutter.wav,rain is pouring down from a roof and dripping onto a hard surface
alpine bird under the rain.wav,birds are chirping while a car is driving by in the background
HOSTEL WORKS 1.wav,a musical instrument is playing a melody with varying high pitches
Siren Milan.wav,a police car is driving by a busy street while blaring its siren
BirdCallBackyard2016Long.wav,a bird is singing loudly and consistently while other birds are whistling in the background
birds in dunes sunset NL 150510_06.wav,many different kinds of birds are chirping and singing outside
Light Wind.wav,the wind is blowing steadily while light rain is falling and a person is walking
Bath 01.wav,water is running from a faucet and pouring into a sink or basin
Heel walking 1A.wav,a person is walking up and down the stairs then walking away
bird-chatter4.wav,birds are chirping and singing in a forest with gentle wind background
Metra Train.wav,a train is passing by on the tracks while a train horn is blowing loudly
Traffic Ambient.wav,a large vehicle is driving by on a wet road while wind is blowing
Sink and Water.wav,a faucet is turning on and running water into a sink or basin
Train Horn.wav,a train is passing by while a horn is blowing loudly in the background
creaky boxcars.wav,a machine is running and making loud clanking noises while wheels are spinning
ELEVATOR CABIN (DOORS OPEN CLOSE).wav,a door is opening and closing multiple times while someone is locking it
Triumph start and idle.wav,a motorcycle engine is idling revving repeatedly and then speeding away
Street sounds cars.wav,a large vehicle is driving by steadily while wind is blowing loudly
GlassPyrexMeasuringCupMugSlideTableDesk.wav,a person is chopping wood on a table using a metal knife or saw
Mockingbird singing @ Alfama.wav,a variety of birds are chirping and singing simultaneously outdoors
Large Splashes.wav,a person is splashing repeatedly in a container or pool of water
0208 Fountain_Parque_del_Peru.wav,rain is pouring down while a vehicle is driving by and a machine is running
rain.wav,heavy rain is pouring and falling continuously on a hard roof surface
The Big Circle.wav,a machine is running while metal objects are striking rhythmically and birds are chirping
crickets in the woods.wav,crickets are chirping loudly while insects buzz and a bird chirps
glenhaven_stream.wav,water is flowing continuously down a stream and small waterfall hitting rocks and entering a basin or drain
Wipers .wav,a printer is continuously printing multiple sheets or copies of paper
dogs_berlin.wav,a dog is barking repeatedly and loudly sometimes accompanied by another dog barking
April_2004_garden_birds01.wav,a variety of birds are chirping and singing continuously in a forest
bar crowd.wav,a large crowd of people are talking and conversing in a crowded public place
20090412.bell.strikes.12.wav,a bell is ringing while a crowd of people are talking and chiming
ClinkingGlass.wav,a person is tapping one glass slowly against another glass repeatedly
Gentle Waves Peeling Left To Right 2.wav,waves are crashing consistently against the shore of a beach
silent street ambience tone.wav,a machine is running continuously while a man is speaking nearby
creaky.wav,a person is walking up a flight of stairs while a door is opening and closing nearby
CarFerrySeaDogsPeople.wav,a man or woman is speaking while a dog is barking in background
Ubud Crickets.wav,a cricket is chirping while several birds are chirping in background
bellaromani.wav,a person is ringing a bell repeatedly while a louder bell chimes in the background
CourtyardHome.wav,a person is walking on a hard surface near a running machine while opening and closing a door
cup.wav,a person is rapidly writing with a pencil on a piece of paper
SuburbRain_Indoor.wav,the wind is blowing strongly while a large vehicle is driving by on a wet road
hostpital-automatic-bed.wav,a person is repeatedly opening and closing a squeaking door
Pouring Into Glass.wav,water is pouring from one cup or container into another cup or glass repeatedly
SYnth_NoisesAX8.wav,a machine is running continuously stopping briefly then restarting
sw_PoultryBarn_cs8049.wav,a crowd of people are talking while children are speaking or crying
dripping taps.wav,a liquid is pouring slowly into a glass and then pouring out again
night ambient crickets bugs white noise occasional cough.wav,crickets are chirping loudly while a person is coughing and occasionally snoring
Regent&#39;s conversation.wav,a man is talking to a woman while children are playing and talking
Garden ambience.wav,birds are chirping while children are talking and playing in background
Morning Ride 2.wav,a motorcycle engine is idling then revving up accelerating and driving away
27 hn_birdspecking.wav,a person is walking through rain and wind while birds are chirping
belgian_brook.wav,water is flowing down a small stream or creek through a wooded area and collecting into a pond pool basin or similar body of water
je_PittsPhipps.wav,a large crowd of people is talking and milling around in a hall
Footsteps on Rocky Terrain.wav,a person is walking through crunchy leaves and crunching twigs
Hang Man&#39;s Rope.wav,a person is using a drill to drill holes into a hard surface
fireworks scare birds 150828_0743.wav,a person is walking through the woods while birds chirp and wind blows softly
"Residential kitchen roomtone, refrigerator fridge hum.wav",a machine is running at a constant speed while humming steadily
Faucet Running.wav,water is running from a faucet or tap into a sink basin or tub
THE_RATT21_1.wav,strong wind is blowing steadily while vehicles are driving by on a wet road
FlyingOnAPlane.wav,a man is talking to a woman while a fan or machine is running in the background
tornado day 1.wav,heavy rain is falling while thunder is rumbling and roaring nearby
Sonido de fondo y trafico.wav,a motorcycle and a large vehicle are driving by and passing along a busy street
birds chirping 03 short.wav,a bird is singing while other birds are chirping in the forest
kite_seaside.wav,birds are chirping and singing while children are talking and playing in the windy background
watertunnel.wav,water is running from a tap or pipe into a basin or sink while a machine or fan is running in the background
STE-002-dishes_lisbon_restaurant.wav,a crowd of people are talking in a restaurant while a man and woman are speaking and glass sounds are occurring in the background
13gotasb.wav,a person is opening and closing a door while birds are chirping
Page turns and book close_open.wav,a person is flipping through pages of a book and writing on paper
mall  loud voices.wav,a large crowd of people is talking and laughing in a spacious hall
"Koeien, R4 en riet Lichterveldestraat.wav",the wind is blowing while cars a vehicle or a plane are passing by with occasional bird chirping
Glass Dishes.wav,a glass is dropping onto a table while another object is moving
080902_05_cicada_night_road.wav,crickets are chirping while a car or vehicle is driving by nearby
110422_village_dusk.wav,a dog is barking while multiple birds are chirping and singing
at the edge of the forest.wav,strong wind is blowing while heavy rain is pouring and thunder is roaring
crossing the river.wav,a person is walking on a hard surface while steady rain is falling
Bounce-MagnetAndNail.wav,a wooden door is creaking and being repeatedly struck by another object
spooky compressor.wav,a fan and a machine are running constantly producing humming and whirring sounds
Hiss of a Tilley pressurised paraffin (kerosene) lamp.wav,a machine is running continuously at a constant speed and intensity
bolivar_stan_playing.wav,children are playing talking and walking near water while a person is walking through the woods and the wind is blowing
Nord_Odal_Nyhus_04_juni_2011_quiet_forest_birds_insects_leaf_rustle_04.wav,various birds are chirping and singing simultaneously in a forested area
Backyard Birds-001.wav,a variety of birds are chirping and singing in the woods while vehicles are driving by in the background
R05_0345.wav,birds are chirping while the wind is blowing and a car passes by
Metal_clang.wav,a person is striking a metal bell three to four times causing it to ring at varying pitches
Large Warehouse_Factory Ambience.wav,the wind is blowing steadily while rain is falling constantly on a hard surface
Waves on the bay.wav,water is flowing down a stream and splashing against rocks
Rushing_water+wind-Rec_Samsung_HMX-F80_Camcorder.wav,water is flowing steadily and continuously down a waterfall stream and gutter
Construction 2.wav,a man is speaking while a machine or fan is running in background
street works_pressure_low rumble.wav,a machine is running while a man is talking in the background
2013-03-28 rain in the rainforest.wav,heavy rain is falling steadily hitting a hard surface near a small waterfall
Bukit_Dinding_rainforest_jungle_01.wav,a bird is singing and chirping while crickets are chirping in background
Plane Over Traffic.wav,a plane is flying overhead and passing by while a car is driving past
Ambience in Sugadh (ESI institute) in Gujrat.wav,a bell is ringing while wind is blowing and wind chimes are sounding
RG Railing Ring.wav,a bell is ringing repeatedly at a consistent rate while increasing volume
Otari Walk.wav,children are playing talking and yelling repeatedly on a playground
AMBIENCE- night time crickets insects wild sound (SFX).wav,birds are chirping and singing while a car or vehicle is driving by with wind blowing
Texas Coastal Freeway.wav,a car is driving by while birds and a cricket are chirping in the background
Backyard nature.wav,birds are chirping and singing while wind is blowing and water is flowing
20091212.motorcycle.wav,a machine is running and stopping while a vehicle drives by and birds are chirping
Shaking and dragging of jar with stones.wav,a person is repeatedly opening and closing a drawer while interacting with it
Budds Landing Maryland Night 1.wav,crickets are chirping loudly and steadily in the quiet nighttime woods
basement-stairs.wav,a person is walking up and down a flight of stairs repeatedly
Lluvia 1.wav,heavy rain is pouring down and hitting a hard surface while thunder rumbles
drip rhythm1.wav,water is dripping continuously from a faucet into a basin or sink
trains.wav,a train is moving down tracks while a nearby factory machine is running and producing whirring sounds
Storm Ambience.wav,rain is pouring down on a hard surface while thunder is rumbling and clanking in the background
Japan_Tokyo_Shinjuku_Street_Promoter_Yelling_City.wav,a man is speaking to a group while people and a woman are talking
wood1.wav,a person is repeatedly opening and closing a metal gate while hitting it with a wooden or metal object
metal-bell-percussion.wav,a bell is ringing repeatedly at a regular rhythmic pace while gradually getting louder
Shinkansen-announcement-3.wav,a woman is talking on a loudspeaker while a man is speaking to her in the background
Train Pass Koln.wav,the wind is blowing while a large vehicle or train is driving by
Outdoor nature sounds.wav,birds are chirping while the wind is blowing and a plane is flying overhead
walking-gravel.wav,a person is walking through snow leaves and gravel while crunching footsteps sound
grifo goteando.wav,someone is pouring water into a glass already containing liquid while a bottle is opened and water drips into a basin in the background
in_cafe_4.wav,people are talking to each other in a restaurant while dishes and utensils are clanging and being stacked in the background
wooden sliding door.wav,a person is opening and closing a creaky door with squeaky hinges repeatedly
Door Creaking 01.wav,a door is creaking and squeaking while opening and closing repeatedly
SonicSnap_GPSUK_Cockerel.wav,birds are chirping while crickets are chirping and wind is blowing
River far 1.wav,water is flowing in a stream while birds are chirping in the background
CONTACT MIC BOILING WATER 01.wav,a machine is running continuously while changing speed and producing noise
Birds-sleeves-amb.wav,a person is walking along a path or woods while birds are chirping
life of pipe.wav,a person is hitting and beating metal objects against hard surfaces
Cars crossing in Rain.wav,heavy rain is pouring while a car is driving by on a wet road
julies media.wav,a person is playing a musical tune on piano while light music is playing
Walking along Highway.wav,a person is walking on a gravel road while vehicles are passing by
NY subway.wav,a machine is running while a man or people are talking in background
KC0895T2.wav,a man and a woman are talking while cars honk and people are talking
Diesel train passing.wav,a large vehicle is driving by while birds are chirping nearby
Close Cracking Thunder.wav,thunder is rumbling while rain is falling during a distant storm
Hallway Room Tone with shower in background.wav,a machine is running while water is flowing down a drain into a sink or container
Fergus Whining.wav,a dog is barking while a cat is meowing or barking simultaneously
Wind moaning through gap in door.wav,the wind is blowing while rain is pouring down and a vehicle is driving by
Spanish pinball machine in bar.wav,a group of people are talking in a restaurant while dishes are clanking
boy becomes seagull 20.3.11.wav,a child is speaking while birds are chirping and children are playing
Gentle rain outside balcony street noise.wav,a machine is running steadily while strong wind is blowing continuously
"Collingwood bees, bumble bees.wav",a bee is buzzing around while birds are chirping in background
AMB_earlymorning_palmovka.wav,a train is passing by on tracks while a machine and vehicles are running nearby
20110423_heavy.rain.wav,rain is pouring heavily and steadily on a roof and hard surface
woodsbirds.wav,birds are chirping while a car is driving by in the background
Ambience Urban park fountain early evening.wav,a man is talking while a vehicle is driving by nearby
160717 HSN fishing boat passing by.wav,a boat is moving down a river splashing water against rocks while wind is blowing in the background
MicrowaveHum_Stereo_bip.wav,a machine is running continuously producing humming and spinning sounds then slowing down stopping briefly or shutting off and sometimes restarting in a loud environment
Steam Train Coming Into the Station.wav,a machine is running loudly in a factory stopping and starting repeatedly
country highway ambience1.wav,birds are chirping while multiple cars and vehicles are driving by
arriving_montpellier_by_train.wav,a man is speaking while a woman is speaking or talking in the background
20070128.turbine.wav,a machine is running at a constant speed and volume while a motor is humming in the background
bird.wav,a person is walking on a gravel path while birds are chirping
turning pages book slow quickly.wav,a person is walking through crunchy snow and crunching the ground
Boiling a cup of water.wav,a machine is running continuously at a constant speed and volume then stopping
"Creaky wooden steps, down and up.wav",a person is walking up a wooden staircase opening and closing a door and then walking down a hallway or stairs
Strong wind in trees.wav,a strong wind is blowing steadily while waves are crashing and rain is falling
SpringWoodsWarblersPlusDistantGeeseMay52013.wav,a variety of different birds are chirping and singing simultaneously
Japanese Train Haruka Express.wav,a man is speaking while a fan or engine is running in background
Downtown Montreal.wav,a man is talking to a group of people while others are talking and laughing in the background
Squeeky.wav,a wooden door is creaking as it is opening and closing repeatedly
20061121.pine.forest.wav,birds are chirping and singing while a gentle wind is blowing
Night Frogs.wav,a very large and loud stream of water is flowing continuously through a natural area
Movements in the Water.wav,water is pouring and dripping between containers already holding liquid
London Overground train (interior) approaches Victoria Station.wav,a train is moving along the tracks while people are talking in the background
footsteps 3.wav,a person is tapping or knocking rhythmically with hands or feet on a wooden surface
AlleyWater.wav,a machine is running while water is dripping into a basin with occasional metal clinking sounds
Dogs barking from barn in distance in the morning.wav,a dog is barking while multiple birds are chirping singing and cawing
Sliding doors.wav,a person is repeatedly opening and closing a door multiple times
SamyeLing_Drain121102.wav,water is pouring and flowing into a sink and basin while running down a drain
crowdfree.wav,a large crowd of people are talking yelling cheering and singing
BathFill.wav,water is running from a tap into a basin and flowing down a drain
Rain_thunder-20120406-154324.wav,heavy rain is falling while thunder is clapping and rumbling
Plaza_de_la_Revolucion_risa.wav,a dog is barking while children and adults are talking and playing
Water dripping.wav,water is running from a faucet into a sink while a person is turning the shower on and off
"Queen Street Mill, loom running then stops.wav",a machine is running continuously while clanking noisily against another machine
bird_in_rain.wav,birds are chirping and singing in the background while a car is driving by
R09_0005 bird ambience.wav,birds are chirping or singing while a car or vehicle is driving by
Sea Atmosphere.wav,the wind is blowing strongly while heavy rain is falling and waves are crashing
Spotted Owl2.wav,a bird is chirping loudly and repeatedly then gradually ceasing
20140223 - Bangkok city sounds.wav,a large crowd of people are talking to each other in a busy crowded hall
tornado day 4.wav,a plane is flying overhead while birds are chirping in the background
Shanghai Traffic Near Peoples Square.wav,a vehicle is driving by while people are talking and walking nearby
night in the countryside.wav,a dog is barking while a few people including a man are talking in the background
bandung-taxiradio-1.wav,a man is speaking while a car drives by wind blows and background voices occur
Outside01.wav,a shower is running while a bird is chirping and water is dripping
door-squeak-rattle.wav,a creaky door is opening and closing repeatedly with squeaks
Hanoi streets.wav,a crowd of people is talking while cars are driving by nearby
Appartment_Ambient_AC_TV_Fans.wav,a machine is running at a constant rate while a fan is blowing in the background
STE-027-edit.wav,crickets and birds are chirping while insects are buzzing and a light breeze is blowing
130915 - Exterior-Hard Rain - Door - Thunder - Metal Lawn Furniture.wav,rain is pouring and falling heavily while thunder is clapping and clanking
down stars running 3.wav,a person is walking up a wooden staircase entering a room and walking away while opening and closing a door
20160820_saluzzo.arcade.04.wav,a crowd of people is talking and having conversations in a crowded restaurant or large gathering
Wind and Rain.wav,heavy rain is pouring down steadily hitting roofs streets and hard surfaces while water is dripping and a strong shower runs in the background
Footsteps Gravel Trainers Running 96Hz 24 Bit.wav,a person is walking through crunchy snow while footsteps are crunching loudly
20100422.waterfall.birds.wav,a variety of birds are chirping and singing in the trees while wind is blowing in the background
Sepang Beach 04.wav,the wind is blowing strongly while waves are crashing against the shore
Machetes hit 2.wav,a person is hitting a metal object against a hard surface producing clanging sounds
"09-07-14_2338_Foz, fisherman next to the river.wav",the wind is blowing steadily while a car is driving by in the distance
latenighttraffic.wav,a large vehicle is driving by on a wet road while cars and motorcycles are passing and wind is blowing in the background
Garage Ambient 32 Bits 48 Khz.wav,water is dripping from a faucet into a sink while birds are chirping
Flowing traffic in the outer ring of Milan 2.wav,vehicles are driving by on a busy street with a large vehicle passing and overtaking others
Slow Windchimes.wav,a bell is ringing loudly and rhythmically while other bells are chiming in the background
"Wind Chimes On Town Square, Germany.wav",wind chimes are clinking and clanging against each other as the wind is blowing
saturday_ambiance.wav,a man and a crowd are talking while a car honks its horn and people are walking by
Roadside.wav,a machine is running continuously at a constant rate while a fan is blowing air in the background
"VCR,rewind,opendoor.wav",a machine is running continuously stopping briefly then restarting again
Walking on pebble beach.wav,a person is walking through crunchy snow ice leaves and gravel producing continuous crunching footsteps
Fountain Trompenburg 090928.wav,water is flowing in a stream while birds are chirping in background
Birds of Klein Profijt.wav,a group of birds are chirping and singing outdoors while wind and distant car sounds are occurring
door.of.bar.raining2.wav,a crowd of people are talking to each other in a crowded room
City forest.wav,a variety of birds are chirping and singing in a forest
stairwell door slam.wav,a person is walking up to a door opening it entering and closing it
20060426.marsh.crikets.day.stereo.02.wav,crickets are chirping while other night creatures are making noises
A creek in a forest.wav,water is flowing down a stream into a pond while birds are chirping in the background
WS Opening-ClosingDoor(BSROF).wav,a door is opening and closing repeatedly producing creaking and squeaking sounds
murmur_on_ferry_3.wav,a large crowd of people are talking and chatting in a noisy busy area
20101205.02.night.dog.n.car.wav,a dog is barking while a car is driving by and people are talking
20070325.windy.forest.stereo.02.wav,birds are chirping and singing in the forest while wind is blowing
bird-twitter-car.wav,birds are chirping and singing while a car is driving by in the background
080809_05_FontanaKoblerov.wav,heavy rain is pouring steadily on a roof and hard surfaces
ResidentialFallNight_crickets.wav,crickets are chirping while wind and other animals are making noises
growling thunder.wav,the wind is blowing while a thunderstorm is brewing with rain falling
Traffic and pedestrians.wav,a person or horse is walking while birds are chirping and a car drives by
FR.BirdChatAmbience.26.wav,birds are chirping and singing while children are talking and speaking
